segmentacion,segment,N,delta_obs,p_perm,ci_low,ci_high,outcome
S1_direction,BUY,40,-0.00048075,0.90530000,-0.00114937,0.00016011,NULO
S1_direction,SELL,38,0.00031059,0.30890000,-0.00080072,0.00145363,NULO
S3_session,Asia,27,0.00014084,0.40780000,-0.00091259,0.00126634,NULO
S3_session,London,30,-0.00020673,0.62260000,-0.00144349,0.00109221,NULO
S3_session,NY,21,-0.00023945,0.69300000,-0.00109013,0.00060438,NULO
S4_intensity,Q1,20,0.00042008,0.30500000,-0.00064019,0.00182627,NULO
S4_intensity,Q2,19,0.00001871,0.50200000,-0.00111670,0.00091917,NULO
S4_intensity,Q3,19,-0.00027743,0.62810000,-0.00175719,0.00137499,NULO
S4_intensity,Q4,20,-0.00054567,0.78500000,-0.00182682,0.00073261,NULO
